0.583463728427887,0.28465527296066284,6.235174510038632e-08,0.6030856370925903,0.3865073323249817,-0.0671485885977745,0.668749988079071,0.4865582585334778,-0.09927607327699661,0.7143166065216064,0.5633045434951782,-0.12436923384666443,0.7524353861808777,0.6289714574813843,-0.14300920069217682,0.7673174738883972,0.4288192093372345,-0.07049967348575592,0.814385175704956,0.438510537147522,-0.1575159728527069,0.7486300468444824,0.421934574842453,-0.2052510529756546,0.6945129632949829,0.4021041989326477,-0.22262343764305115,0.7745048999786377,0.3425549864768982,-0.063664510846138,0.8324304223060608,0.3490321636199951,-0.16121461987495422,0.7418613433837891,0.33914634585380554,-0.1962592601776123,0.6836210489273071,0.3361312448978424,-0.20006221532821655,0.7706038355827332,0.2669071555137634,-0.06823913753032684,0.8255626559257507,0.2665899991989136,-0.15957152843475342,0.7399928569793701,0.2728043496608734,-0.16730888187885284,0.6836727857589722,0.27966171503067017,-0.15003062784671783,0.7596812844276428,0.19864386320114136,-0.07705368846654892,0.7955144643783569,0.20120121538639069,-0.13925734162330627,0.7378253936767578,0.21350990235805511,-0.14530572295188904,0.696065366268158,0.22754067182540894,-0.13495033979415894
0.608406662940979,0.3060512840747833,-4.090762573127904e-08,0.6218351125717163,0.4138324558734894,-0.059431374073028564,0.6765969395637512,0.5231634974479675,-0.08641713112592697,0.7164434790611267,0.6050286293029785,-0.10830061137676239,0.7474144101142883,0.6765781044960022,-0.12409703433513641,0.7741861343383789,0.4667878746986389,-0.05218902975320816,0.8308678269386292,0.483098566532135,-0.1326177716255188,0.7663551568984985,0.45941588282585144,-0.17865228652954102,0.7096380591392517,0.43943503499031067,-0.19510021805763245,0.7848930358886719,0.38334521651268005,-0.04535725712776184,0.8468624353408813,0.4039705693721771,-0.13536131381988525,0.7630918025970459,0.38522762060165405,-0.16967561841011047,0.7032015323638916,0.37418895959854126,-0.17299814522266388,0.7859943509101868,0.31055301427841187,-0.04966312274336815,0.8462324738502502,0.3221486806869507,-0.13472603261470795,0.7648755311965942,0.31874141097068787,-0.14394688606262207,0.7061429023742676,0.31963422894477844,-0.12718690931797028,0.7811482548713684,0.24665890634059906,-0.05749122425913811,0.8257368803024292,0.2559962868690491,-0.11390986293554306,0.7698972821235657,0.2608237862586975,-0.1187724843621254,0.725195050239563,0.26987144351005554,-0.10741788148880005
0.6060327291488647,0.34925562143325806,2.6377497519547433e-08,0.6188628673553467,0.4580745995044708,-0.051553875207901,0.6748977303504944,0.5677012801170349,-0.07411624491214752,0.7204451560974121,0.6435843706130981,-0.09225895255804062,0.7509825229644775,0.7100366353988647,-0.10514489561319351,0.7692316770553589,0.5110148191452026,-0.043430935591459274,0.8214238882064819,0.5181618332862854,-0.11783315241336823,0.7622643709182739,0.4904695153236389,-0.159079447388649,0.7107017040252686,0.46915584802627563,-0.1728118360042572,0.7818548679351807,0.4316234588623047,-0.03869723901152611,0.8365169763565063,0.44052934646606445,-0.12172845751047134,0.7528839111328125,0.4193243980407715,-0.15030741691589355,0.6957219243049622,0.41057705879211426,-0.15034885704517365,0.7809423804283142,0.358447402715683,-0.04408235102891922,0.8375637531280518,0.3630973994731903,-0.12404347956180573,0.7544816732406616,0.3558509051799774,-0.12729714810848236,0.6976706981658936,0.35731077194213867,-0.10742435604333878,0.7704227566719055,0.2916978597640991,-0.052360650151968,0.8097599744796753,0.2943718433380127,-0.10609137266874313,0.7539492249488831,0.29714107513427734,-0.10729069262742996,0.7104077935218811,0.30755507946014404,-0.09304551780223846
0.5996225476264954,0.34002503752708435,-4.0012633206742976e-08,0.6182926297187805,0.4594307839870453,-0.045917071402072906,0.6798880696296692,0.5650753974914551,-0.06446456164121628,0.7259137034416199,0.6390722990036011,-0.08120840042829514,0.7582690715789795,0.7063534259796143,-0.09258262813091278,0.7674465179443359,0.4995350241661072,-0.033141348510980606,0.8182423114776611,0.5182779431343079,-0.11533869057893753,0.7549582123756409,0.4916614592075348,-0.16393399238586426,0.7008264064788818,0.46909263730049133,-0.18176963925361633,0.7780060768127441,0.41819003224372864,-0.03313463181257248,0.8377193808555603,0.4434850215911865,-0.12711197137832642,0.7545914053916931,0.42256689071655273,-0.1659480780363083,0.6941783428192139,0.40977737307548523,-0.17114245891571045,0.7798439860343933,0.3469444215297699,-0.04417958855628967,0.8398562073707581,0.3614617884159088,-0.13346707820892334,0.7564377784729004,0.3553791046142578,-0.1467871069908142,0.6969354748725891,0.353526771068573,-0.1309952735900879,0.7771739959716797,0.2815600037574768,-0.05743149295449257,0.8186982870101929,0.29399070143699646,-0.11677584797143936,0.7612879872322083,0.29759278893470764,-0.12459484487771988,0.7161784172058105,0.3064494729042053,-0.11441590636968613
0.5964433550834656,0.32800450921058655,-1.152349398125807e-07,0.6153438091278076,0.43829503655433655,-0.041650038212537766,0.6752570271492004,0.5506507158279419,-0.055918704718351364,0.7225905656814575,0.6242808103561401,-0.06817146390676498,0.7551897764205933,0.6906533241271973,-0.07494395226240158,0.7681888341903687,0.48256969451904297,-0.02409571036696434,0.8225600719451904,0.5034963488578796,-0.0952894538640976,0.760773241519928,0.4797058701515198,-0.13853737711906433,0.7070260643959045,0.45965054631233215,-0.15420788526535034,0.777414858341217,0.40323129296302795,-0.022515421733260155,0.8367069363594055,0.42890703678131104,-0.10283591598272324,0.7551888227462769,0.4118524491786957,-0.1362203061580658,0.6965838074684143,0.3995155692100525,-0.1401374787092209,0.7774207592010498,0.33405977487564087,-0.030847858637571335,0.8389525413513184,0.34708547592163086,-0.10820291936397552,0.7563170790672302,0.34235918521881104,-0.1160808876156807,0.6971622109413147,0.34171438217163086,-0.09945226460695267,0.7724419236183167,0.2702207565307617,-0.04147028550505638,0.8173850774765015,0.2774084508419037,-0.09295004606246948,0.7608863115310669,0.2810276746749878,-0.0962425023317337,0.715874969959259,0.2911413311958313,-0.08418133854866028
0.6053333878517151,0.3243119716644287,-6.798174467803619e-09,0.6142423152923584,0.4327675998210907,-0.05968872085213661,0.669301450252533,0.5373793244361877,-0.08608965575695038,0.7142985463142395,0.6100977659225464,-0.10697495192289352,0.7506623864173889,0.6758323907852173,-0.122496098279953,0.7680995464324951,0.4842677712440491,-0.054221682250499725,0.8200920820236206,0.5021979808807373,-0.13742993772029877,0.7605383396148682,0.47775307297706604,-0.18623197078704834,0.7069936394691467,0.45746347308158875,-0.2042175680398941,0.7796366810798645,0.40224459767341614,-0.046971678733825684,0.8367229700088501,0.4253639876842499,-0.14034503698349,0.7546039819717407,0.40565428137779236,-0.17784947156906128,0.6952462196350098,0.3932265639305115,-0.18273553252220154,0.781499981880188,0.3317856788635254,-0.050595927983522415,0.8380134105682373,0.34374767541885376,-0.13888144493103027,0.7558882236480713,0.33801788091659546,-0.15097463130950928,0.6968746781349182,0.3372959494590759,-0.13515189290046692,0.7783656120300293,0.2683054208755493,-0.057445038110017776,0.8211542963981628,0.2759000062942505,-0.11646552383899689,0.7647532224655151,0.27927365899086,-0.12351148575544357,0.7192904949188232,0.2874700427055359,-0.1128690168261528
0.6044576168060303,0.32812511920928955,4.656782692791239e-08,0.6183544397354126,0.4408336579799652,-0.05678533762693405,0.676312267780304,0.5504538416862488,-0.08247486501932144,0.7225021123886108,0.6300051212310791,-0.10357100516557693,0.7539329528808594,0.7024352550506592,-0.11902085691690445,0.7658488750457764,0.4928559362888336,-0.048082925379276276,0.8185848593711853,0.5069401264190674,-0.13055139780044556,0.7580921649932861,0.48135560750961304,-0.1779547780752182,0.7068306803703308,0.4602047801017761,-0.1949143260717392,0.7774432897567749,0.4106954336166382,-0.042606741189956665,0.8374934196472168,0.42912817001342773,-0.13398601114749908,0.7549023032188416,0.40937376022338867,-0.16868038475513458,0.6978086233139038,0.3978809416294098,-0.17181341350078583,0.7787637114524841,0.33778753876686096,-0.048445627093315125,0.8369927406311035,0.34888577461242676,-0.13557031750679016,0.754357099533081,0.34328126907348633,-0.1446884572505951,0.6978084444999695,0.3423730134963989,-0.1270090937614441,0.7752573490142822,0.2726083993911743,-0.05745324864983559,0.8169465065002441,0.2815523147583008,-0.11445608735084534,0.7607525587081909,0.2853459119796753,-0.11912023276090622,0.717241108417511,0.2939808964729309,-0.10710956901311874
0.5934302806854248,0.3454517722129822,-1.5148422960464814e-08,0.6098405122756958,0.46100932359695435,-0.05405301973223686,0.6653177738189697,0.5641894936561584,-0.0771874487400055,0.7120978832244873,0.6385658979415894,-0.09604062139987946,0.7451693415641785,0.7074447870254517,-0.10883131623268127,0.7622066736221313,0.5037529468536377,-0.03966209292411804,0.8108035326004028,0.52116858959198,-0.1197182685136795,0.7492623329162598,0.4981950521469116,-0.16611069440841675,0.6950749754905701,0.4742695689201355,-0.18187232315540314,0.7733335494995117,0.4254831373691559,-0.03392639383673668,0.8320554494857788,0.4483560025691986,-0.12215845286846161,0.749225378036499,0.4280853271484375,-0.15509295463562012,0.6896427273750305,0.4152553677558899,-0.15625445544719696,0.7749406695365906,0.3553554117679596,-0.039461731910705566,0.8338810801506042,0.3695223331451416,-0.12360628694295883,0.7510907649993896,0.36060139536857605,-0.1291699856519699,0.693790078163147,0.35719066858291626,-0.1085791364312172,0.7708685994148254,0.28751230239868164,-0.04818040132522583,0.8128907680511475,0.29785794019699097,-0.10376261919736862,0.7550968527793884,0.3012661337852478,-0.10543006658554077,0.7104095220565796,0.3104982376098633,-0.09029931575059891
0.5977743268013,0.33803972601890564,-6.700422261474159e-08,0.6180250644683838,0.4489201009273529,-0.041097402572631836,0.6774192452430725,0.5568287372589111,-0.05641467496752739,0.7250534892082214,0.6298308372497559,-0.06990692764520645,0.7592834234237671,0.694134533405304,-0.07802098244428635,0.7698789834976196,0.4887779951095581,-0.026199299842119217,0.8250992298126221,0.509200930595398,-0.09577921777963638,0.7620725631713867,0.48749956488609314,-0.13546134531497955,0.7080850005149841,0.46971753239631653,-0.1483532339334488,0.7801265716552734,0.4119347333908081,-0.025075284764170647,0.8400705456733704,0.43723273277282715,-0.10439733415842056,0.7571484446525574,0.41878166794776917,-0.13396139442920685,0.6983826160430908,0.406392365694046,-0.13444261252880096,0.7812455892562866,0.34260857105255127,-0.03355482965707779,0.8422703146934509,0.3585238754749298,-0.10973028838634491,0.7595796585083008,0.3505145311355591,-0.11400145292282104,0.7025305032730103,0.347109317779541,-0.09425938874483109,0.7763250470161438,0.27643486857414246,-0.044229429215192795,0.8221844434738159,0.28831762075424194,-0.09385932981967926,0.7646928429603577,0.29408788681030273,-0.09374038130044937,0.7191025614738464,0.3030664920806885,-0.0785943791270256
0.6033060550689697,0.33597898483276367,6.642549266189235e-08,0.6171551942825317,0.4439818859100342,-0.05174081400036812,0.6730931997299194,0.5535197257995605,-0.07391426712274551,0.7185419797897339,0.6273000240325928,-0.0919334813952446,0.7511498332023621,0.6911716461181641,-0.10398297011852264,0.7662174701690674,0.491316556930542,-0.04237382858991623,0.8186430931091309,0.5082434415817261,-0.11649392545223236,0.7556695938110352,0.490522176027298,-0.15759627521038055,0.7021127343177795,0.4726562201976776,-0.1710137575864792,0.777560830116272,0.41325631737709045,-0.03780404478311539,0.8346875309944153,0.43331316113471985,-0.1217537447810173,0.7514916062355042,0.4184592664241791,-0.15171417593955994,0.6947969198226929,0.4065312445163727,-0.15232564508914948,0.7789407968521118,0.34227001667022705,-0.04349979758262634,0.8383728861808777,0.35546326637268066,-0.12302546203136444,0.7559710741043091,0.3522205948829651,-0.12685327231884003,0.7005329132080078,0.3497026860713959,-0.10717760771512985,0.7751376628875732,0.2753344774246216,-0.05230840668082237,0.8152490258216858,0.28572675585746765,-0.10496269911527634,0.7593122124671936,0.29166510701179504,-0.10597171634435654,0.7168904542922974,0.2994186282157898,-0.09180141240358353
0.6078975200653076,0.3502956032752991,-2.2981517133757734e-08,0.6192098259925842,0.4628753662109375,-0.06186830997467041,0.6794314384460449,0.5728402137756348,-0.08997514843940735,0.7283856272697449,0.651776134967804,-0.11161451786756516,0.7597747445106506,0.7256548404693604,-0.1266198754310608,0.7700716257095337,0.5185075402259827,-0.06078460067510605,0.8198880553245544,0.5278691053390503,-0.14759831130504608,0.7541009187698364,0.49864763021469116,-0.19424697756767273,0.6986759901046753,0.4735974967479706,-0.20968946814537048,0.7836655974388123,0.4340980350971222,-0.05363029986619949,0.8398222923278809,0.4502652883529663,-0.15026172995567322,0.7523865103721619,0.42503198981285095,-0.183183953166008,0.6930745244026184,0.412225604057312,-0.18397098779678345,0.7863500118255615,0.3593837022781372,-0.05799252167344093,0.8390037417411804,0.36968129873275757,-0.14923565089702606,0.7547804117202759,0.36046111583709717,-0.15586897730827332,0.6983152627944946,0.3589843511581421,-0.13588199019432068,0.7828895449638367,0.2920888662338257,-0.06582363694906235,0.8200916647911072,0.29922670125961304,-0.12657912075519562,0.7617664933204651,0.3013065457344055,-0.13131023943424225,0.7187561988830566,0.31017136573791504,-0.1186431497335434
0.6110301613807678,0.33691635727882385,7.067073681810143e-08,0.6203539371490479,0.44795849919319153,-0.06293800473213196,0.6758270859718323,0.5544329285621643,-0.09535997360944748,0.7207143902778625,0.6277037858963013,-0.12149770557880402,0.7580015659332275,0.6980825662612915,-0.14172068238258362,0.7721139192581177,0.5019987225532532,-0.07100225239992142,0.8203520774841309,0.5167539119720459,-0.16218316555023193,0.7565506100654602,0.48763060569763184,-0.21176180243492126,0.7034292817115784,0.4665111005306244,-0.22953751683235168,0.7846561074256897,0.4178452491760254,-0.065670907497406,0.8370052576065063,0.44107234477996826,-0.1685936599969864,0.7511690855026245,0.4167594313621521,-0.20548446476459503,0.6938440203666687,0.4062741994857788,-0.20943009853363037,0.785648763179779,0.3454428017139435,-0.07118553668260574,0.8357012867927551,0.35993894934654236,-0.16701574623584747,0.751436710357666,0.35055097937583923,-0.17650006711483002,0.6952672600746155,0.35035866498947144,-0.15851935744285583,0.7804410457611084,0.2820340692996979,-0.08002278208732605,0.8151028156280518,0.29102081060409546,-0.14356471598148346,0.7575495839118958,0.292664498090744,-0.15034091472625732,0.7152007222175598,0.3006299138069153,-0.13943850994110107
0.6085394620895386,0.33144378662109375,6.75165452435067e-08,0.6155286431312561,0.44396111369132996,-0.05364939942955971,0.6693626642227173,0.5552841424942017,-0.07967755943536758,0.718110978603363,0.6292192339897156,-0.10022369772195816,0.7551262974739075,0.6990408301353455,-0.11491648107767105,0.7636525630950928,0.5002380013465881,-0.055198606103658676,0.8174442648887634,0.512095034122467,-0.13425645232200623,0.7541874051094055,0.4855722486972809,-0.17588841915130615,0.7027798891067505,0.46532806754112244,-0.18916764855384827,0.7762882113456726,0.4178072214126587,-0.050132449716329575,0.8307942152023315,0.43651458621025085,-0.1391509473323822,0.7466805577278137,0.41678929328918457,-0.17115160822868347,0.6916121244430542,0.4064858853816986,-0.17348085343837738,0.7766320109367371,0.3474636673927307,-0.05449745059013367,0.829695463180542,0.3598799407482147,-0.1389574110507965,0.7457832098007202,0.35068479180336,-0.1458587795495987,0.691923975944519,0.35131293535232544,-0.1281062662601471,0.7714769840240479,0.2859107553958893,-0.06134124845266342,0.8094772100448608,0.2926921248435974,-0.1168430894613266,0.7532198429107666,0.2920549511909485,-0.12040821462869644,0.7119320034980774,0.2989561855792999,-0.10807681083679199
0.6015263795852661,0.34120941162109375,-4.0602483153406865e-08,0.6128424406051636,0.45039865374565125,-0.05023759976029396,0.6745595335960388,0.5648102760314941,-0.07102961093187332,0.7288522720336914,0.6390299201011658,-0.08752194792032242,0.7636253833770752,0.7111400961875916,-0.09807755053043365,0.7689998745918274,0.505086362361908,-0.04245898127555847,0.8200247883796692,0.5210044384002686,-0.11878954619169235,0.7561322450637817,0.4938911199569702,-0.1598513424396515,0.7023575305938721,0.47331511974334717,-0.17306160926818848,0.7812283635139465,0.4219422936439514,-0.0388045534491539,0.8338102102279663,0.4462288022041321,-0.12606282532215118,0.7474616765975952,0.4234786629676819,-0.1563367396593094,0.6887840628623962,0.41082581877708435,-0.15641632676124573,0.7824167609214783,0.34948065876960754,-0.045279525220394135,0.836881697177887,0.3641672432422638,-0.12928622961044312,0.7507157921791077,0.35382983088493347,-0.13386847078800201,0.6932710409164429,0.353213369846344,-0.11344530433416367,0.7761543989181519,0.2843342423439026,-0.05429138243198395,0.8154368996620178,0.2928202450275421,-0.11009393632411957,0.7558088898658752,0.29395008087158203,-0.11209020763635635,0.7111513614654541,0.3025544583797455,-0.09778324514627457
0.6038798093795776,0.32904547452926636,4.3595587584377427e-08,0.6221054792404175,0.44961389899253845,-0.04841430112719536,0.6786202192306519,0.5551825165748596,-0.07092060893774033,0.7301031351089478,0.6287450790405273,-0.09032280743122101,0.7653281688690186,0.7005393505096436,-0.10408403724431992,0.7628180980682373,0.4962676763534546,-0.03345677629113197,0.816338837146759,0.5076918005943298,-0.11670580506324768,0.753884494304657,0.48383623361587524,-0.1663205623626709,0.7028019428253174,0.46655330061912537,-0.1844233274459839,0.7738429307937622,0.4128071367740631,-0.030712999403476715,0.8347285389900208,0.43414178490638733,-0.12185511738061905,0.7494465112686157,0.4175904095172882,-0.15830644965171814,0.6926120519638062,0.408273309469223,-0.1622791290283203,0.7750306129455566,0.34095650911331177,-0.039048999547958374,0.8354116082191467,0.35451874136924744,-0.12625321745872498,0.7498769164085388,0.3485013246536255,-0.13563714921474457,0.6945237517356873,0.34920862317085266,-0.11761161684989929,0.7727484107017517,0.2785266935825348,-0.049685634672641754,0.8138693571090698,0.2885187864303589,-0.10519532114267349,0.7564220428466797,0.28935953974723816,-0.10885701328516006,0.7140494585037231,0.29737958312034607,-0.09594085067510605
0.6044371724128723,0.3295000493526459,-4.1240699744093945e-08,0.6235535740852356,0.4505215883255005,-0.04633430391550064,0.6785176396369934,0.5531871318817139,-0.06710588186979294,0.7215356230735779,0.6263382434844971,-0.08662068843841553,0.7563402056694031,0.6912329196929932,-0.09960390627384186,0.7718454599380493,0.48842695355415344,-0.029935704544186592,0.8245472311973572,0.5071072578430176,-0.11543560773134232,0.7590602040290833,0.48615458607673645,-0.16684162616729736,0.7037000060081482,0.46682193875312805,-0.18582843244075775,0.7798596620559692,0.40586546063423157,-0.03079579398036003,0.838342010974884,0.43402111530303955,-0.12812316417694092,0.7532936334609985,0.41836103796958923,-0.16805733740329742,0.6945083141326904,0.4071987271308899,-0.17313621938228607,0.7821952700614929,0.3349381685256958,-0.04348728433251381,0.840906023979187,0.35351651906967163,-0.13627590239048004,0.7558621764183044,0.3502371907234192,-0.1484067738056183,0.6989884376525879,0.3501208424568176,-0.130766823887825,0.7828576564788818,0.27067869901657104,-0.05864952132105827,0.8223690986633301,0.28583115339279175,-0.1204889714717865,0.7638663649559021,0.2904382050037384,-0.12805354595184326,0.7200051546096802,0.2993658781051636,-0.11690247803926468
0.5859306454658508,0.31212833523750305,1.0908804171094744e-07,0.6040340662002563,0.424297034740448,-0.04848717525601387,0.6596028804779053,0.5377190113067627,-0.06971234828233719,0.7041680216789246,0.6146944761276245,-0.0874750018119812,0.7391762137413025,0.6796347498893738,-0.09981101751327515,0.7532934546470642,0.47630488872528076,-0.028101585805416107,0.8035856485366821,0.487322598695755,-0.09823963046073914,0.7378050684928894,0.46338456869125366,-0.13811750710010529,0.683352530002594,0.4449442923069,-0.15074321627616882,0.7638842463493347,0.40033769607543945,-0.023840896785259247,0.8151096105575562,0.41361379623413086,-0.10114163905382156,0.7311843633651733,0.39834317564964294,-0.12987256050109863,0.6739428043365479,0.3887329697608948,-0.13009262084960938,0.7614325284957886,0.33042263984680176,-0.030057759955525398,0.8130767345428467,0.33919405937194824,-0.10409236699342728,0.7307150363922119,0.33230751752853394,-0.10870329290628433,0.6771902441978455,0.33255940675735474,-0.08998391777276993,0.7512280344963074,0.2671147584915161,-0.03915068507194519,0.7908994555473328,0.27423226833343506,-0.08605250716209412,0.736107349395752,0.2767665982246399,-0.08559364080429077,0.694719135761261,0.2839749753475189,-0.07060638815164566
0.5742565989494324,0.4678601622581482,9.482729979026772e-08,0.5774922370910645,0.535457968711853,-0.0140084782615304,0.6068840026855469,0.5844505429267883,-0.03367608040571213,0.6469519138336182,0.6085576415061951,-0.05142979323863983,0.6824932098388672,0.6248562335968018,-0.07413487881422043,0.5934746265411377,0.5875862240791321,-0.06822630017995834,0.6225509643554688,0.6354439854621887,-0.09722431749105453,0.6437703967094421,0.6663638353347778,-0.1141083836555481,0.6548598408699036,0.6948655843734741,-0.12589186429977417,0.5866451859474182,0.5392709970474243,-0.07581134140491486,0.6523616313934326,0.548931896686554,-0.10784652829170227,0.707919716835022,0.5414220690727234,-0.11796306818723679,0.7383204102516174,0.5370935201644897,-0.12563633918762207,0.5878978967666626,0.48626986145973206,-0.0816635936498642,0.6564167737960815,0.49411800503730774,-0.11044210940599442,0.7092645168304443,0.493896484375,-0.11092580109834671,0.7365960478782654,0.4971856474876404,-0.10993918031454086,0.5943034887313843,0.4396272301673889,-0.0872260257601738,0.650429368019104,0.4436376094818115,-0.11445637792348862,0.6874542832374573,0.4503517746925354,-0.11648820340633392,0.708320140838623,0.45784032344818115,-0.11468041688203812
0.6070053577423096,0.4063781201839447,-2.1518671289300073e-08,0.600144624710083,0.49834370613098145,-0.06294511258602142,0.6225340962409973,0.5682331919670105,-0.11266531050205231,0.6463618278503418,0.6167747974395752,-0.15048950910568237,0.6548480987548828,0.674504280090332,-0.18015360832214355,0.7453159093856812,0.5600824952125549,-0.13616324961185455,0.658780038356781,0.5708496570587158,-0.2065359354019165,0.6186817288398743,0.5304134488105774,-0.2264755517244339,0.635193407535553,0.5076557397842407,-0.2356601059436798,0.7658427357673645,0.49318480491638184,-0.13321489095687866,0.6707189679145813,0.5125829577445984,-0.20272234082221985,0.6240602731704712,0.4695894718170166,-0.19529668986797333,0.6498141288757324,0.45756226778030396,-0.1830999106168747,0.7589496374130249,0.4253518283367157,-0.1355755478143692,0.666890561580658,0.4304100275039673,-0.19826602935791016,0.628673791885376,0.4146595597267151,-0.16947849094867706,0.6509957909584045,0.4133143126964569,-0.14356230199337006,0.741063117980957,0.35794997215270996,-0.1438366174697876,0.6654924154281616,0.3466011881828308,-0.19737401604652405,0.6409751176834106,0.34892210364341736,-0.1960504800081253,0.6602710485458374,0.3574122488498688,-0.18697932362556458
0.611813485622406,0.4001467227935791,-1.191597434058167e-07,0.6068599820137024,0.48805826902389526,-0.06448777765035629,0.6320142149925232,0.5599638819694519,-0.1123754233121872,0.6604285836219788,0.6053068041801453,-0.14818651974201202,0.6779587864875793,0.6671731472015381,-0.17577512562274933,0.7489216923713684,0.5617484450340271,-0.13336162269115448,0.6579375863075256,0.5585958957672119,-0.1946219503879547,0.6231340169906616,0.5128780007362366,-0.20589768886566162,0.6441509127616882,0.493429034948349,-0.20925283432006836,0.7701072692871094,0.4877088665962219,-0.12792524695396423,0.6691930294036865,0.49651652574539185,-0.18797989189624786,0.6291939616203308,0.4535018503665924,-0.17387768626213074,0.6580557227134705,0.44304534792900085,-0.15699367225170135,0.767167329788208,0.41697782278060913,-0.12791143357753754,0.6726868748664856,0.41803351044654846,-0.18038032948970795,0.6387873291969299,0.4036993384361267,-0.14691491425037384,0.6617666482925415,0.40463802218437195,-0.11882580071687698,0.7542645931243896,0.3494189977645874,-0.13472473621368408,0.6805200576782227,0.34354954957962036,-0.1775491088628769,0.6527701020240784,0.3450784981250763,-0.17040479183197021,0.6667886972427368,0.35218778252601624,-0.15781810879707336
0.6226687431335449,0.4104081690311432,-1.220988021799485e-08,0.5956332683563232,0.3955492079257965,-0.11241589486598969,0.6058912873268127,0.4173305928707123,-0.17814914882183075,0.620680034160614,0.4526921510696411,-0.2215414196252823,0.6287615895271301,0.501919686794281,-0.25281545519828796,0.7526625394821167,0.4652797281742096,-0.15730130672454834,0.6623828411102295,0.4916799068450928,-0.23176124691963196,0.622821569442749,0.4556550979614258,-0.2577100098133087,0.6449444890022278,0.4362957179546356,-0.2723682224750519,0.7836050391197205,0.4769423007965088,-0.12703365087509155,0.6809211373329163,0.4953863322734833,-0.20535285770893097,0.6298180222511292,0.443147748708725,-0.20815353095531464,0.6552895307540894,0.43141037225723267,-0.20185407996177673,0.7853672504425049,0.47511112689971924,-0.10642588138580322,0.6850132942199707,0.4742313027381897,-0.175844207406044,0.6418683528900146,0.4357573986053467,-0.15852263569831848,0.6666479706764221,0.42519527673721313,-0.13960295915603638,0.7747932076454163,0.46275627613067627,-0.09530539810657501,0.6847612261772156,0.4535750448703766,-0.14919999241828918,0.6525897979736328,0.4339984357357025,-0.154157355427742,0.6701564788818359,0.43086865544319153,-0.15062449872493744
