0.7073310017585754,0.5662729740142822,5.1440213866271733e-08,0.7147279381752014,0.5233004689216614,0.004703600890934467,0.7080935835838318,0.48147693276405334,0.004317695274949074,0.699455976486206,0.45200854539871216,0.0016866428777575493,0.6928070783615112,0.4290676712989807,-0.002001732587814331,0.7096565961837769,0.47503629326820374,0.0009472080855630338,0.6977182626724243,0.4318576157093048,-0.0070220595225691795,0.6900361776351929,0.4009201228618622,-0.013384056277573109,0.6834968328475952,0.375556617975235,-0.017545387148857117,0.7078585028648376,0.4792747497558594,-0.006446906831115484,0.6959357261657715,0.43263334035873413,-0.014522270299494267,0.6876800060272217,0.39634424448013306,-0.020200014114379883,0.6804385781288147,0.3702585697174072,-0.024138009175658226,0.7025043368339539,0.4839318096637726,-0.013955706730484962,0.6929191946983337,0.4369066059589386,-0.02126120589673519,0.6852107644081116,0.4014277756214142,-0.025121621787548065,0.6797394752502441,0.3755401372909546,-0.027242640033364296,0.6933963894844055,0.48982712626457214,-0.02099062129855156,0.6890632510185242,0.4515398144721985,-0.02752474509179592,0.6863288879394531,0.42247503995895386,-0.030042197555303574,0.684396505355835,0.39934706687927246,-0.031281061470508575
0.735310971736908,0.608954906463623,-1.0692251528610086e-08,0.7319516539573669,0.5482571125030518,-0.0005520533304661512,0.7271090745925903,0.48007524013519287,-0.006538236979395151,0.7259725332260132,0.42639273405075073,-0.013465099968016148,0.724257230758667,0.3797619938850403,-0.022565240040421486,0.7249935865402222,0.4742187261581421,-0.02658977173268795,0.7148241400718689,0.4131222367286682,-0.04707697406411171,0.7078134417533875,0.37153303623199463,-0.06021697446703911,0.7023070454597473,0.3386896550655365,-0.06999911367893219,0.7251512408256531,0.48607030510902405,-0.037797022610902786,0.7124631404876709,0.42134565114974976,-0.058630045503377914,0.7057924866676331,0.3754154443740845,-0.07081341743469238,0.700369656085968,0.33746105432510376,-0.08055596798658371,0.7248658537864685,0.5088968276977539,-0.04877660050988197,0.7143100500106812,0.4449775815010071,-0.06914911419153214,0.7095417380332947,0.40396061539649963,-0.07993863523006439,0.707645058631897,0.36709991097450256,-0.0882452055811882,0.7238636612892151,0.539819598197937,-0.05892961099743843,0.7160293459892273,0.5082140564918518,-0.08073310554027557,0.7141250371932983,0.4791997969150543,-0.09199263900518417,0.7143082618713379,0.45074716210365295,-0.09996122866868973
0.7442260384559631,0.6094970703125,-2.643061414175918e-08,0.7228289246559143,0.538975179195404,0.003529730485752225,0.7145553231239319,0.46673914790153503,-0.001647016266360879,0.7142038941383362,0.41189688444137573,-0.008764943107962608,0.7123991250991821,0.36251381039619446,-0.019167128950357437,0.7262021899223328,0.46784186363220215,-0.029629353433847427,0.7125653624534607,0.4087378978729248,-0.05243217945098877,0.7042227387428284,0.3675069808959961,-0.06815376877784729,0.6971666216850281,0.3339915871620178,-0.08030716329813004,0.7310357093811035,0.48337623476982117,-0.0448187030851841,0.7121444940567017,0.4192279875278473,-0.06933649629354477,0.7009722590446472,0.3742145895957947,-0.08547796308994293,0.6918641328811646,0.33500003814697266,-0.0990709438920021,0.7343159914016724,0.5087899565696716,-0.059102583676576614,0.7169994711875916,0.4450926184654236,-0.08318667113780975,0.7073450684547424,0.4047463536262512,-0.09806742519140244,0.7007126212120056,0.36722707748413086,-0.11003707349300385,0.7355586886405945,0.5405714511871338,-0.07187627255916595,0.7218852043151855,0.5099419951438904,-0.09700791537761688,0.7159801125526428,0.48200589418411255,-0.11152105778455734,0.7128498554229736,0.4531490206718445,-0.12285187840461731
0.686008095741272,0.7937377691268921,-1.132861804364893e-08,0.6739418506622314,0.706213653087616,0.05768534168601036,0.6803931593894958,0.6087715029716492,0.07462060451507568,0.6910921335220337,0.5367512106895447,0.0766770988702774,0.7036224603652954,0.4753144383430481,0.07382097840309143,0.6775839924812317,0.5747653841972351,0.02596418187022209,0.7037264108657837,0.45092079043388367,0.0067311739549040794,0.7173737287521362,0.35996076464653015,-0.004472155589610338,0.726377010345459,0.29272425174713135,-0.013643771409988403,0.6879565119743347,0.5787383913993835,-0.021906517446041107,0.7068579196929932,0.4367297291755676,-0.05422306805849075,0.7165704369544983,0.3360499143600464,-0.07503640651702881,0.7218095064163208,0.2619915306568146,-0.08748845010995865,0.7063338756561279,0.5956351161003113,-0.06568417698144913,0.7191692590713501,0.4455183148384094,-0.09813593327999115,0.7254021167755127,0.3545185327529907,-0.11452429741621017,0.7301833033561707,0.2832948863506317,-0.12283114343881607,0.73324054479599,0.6239502429962158,-0.10342869162559509,0.7366482615470886,0.5124444961547852,-0.13443595170974731,0.73635333776474,0.4375397861003876,-0.14856168627738953,0.7379172444343567,0.37419798970222473,-0.15667815506458282
0.7064037322998047,0.6994536519050598,8.95882337204057e-08,0.7049595713615417,0.6229425668716431,0.02029121294617653,0.7124903202056885,0.5320612192153931,0.02443828247487545,0.7279868721961975,0.46820276975631714,0.02053118869662285,0.7385995388031006,0.416961133480072,0.01425223983824253,0.7028239965438843,0.5196354389190674,0.004572019912302494,0.7239341735839844,0.4156254529953003,-0.019809693098068237,0.7351671457290649,0.3334793150424957,-0.0359015166759491,0.7442947030067444,0.26995086669921875,-0.04675377532839775,0.7096664905548096,0.5204581022262573,-0.021032309159636497,0.7223621606826782,0.40296390652656555,-0.04924187436699867,0.7348538041114807,0.31322216987609863,-0.06869074702262878,0.7456609010696411,0.24298155307769775,-0.07984623312950134,0.7258890867233276,0.5354788899421692,-0.04575476050376892,0.7358812093734741,0.4083459973335266,-0.07197782397270203,0.7434577345848083,0.32681357860565186,-0.08303546160459518,0.753453254699707,0.25830453634262085,-0.08679404854774475,0.7529482841491699,0.5651776194572449,-0.06858783215284348,0.7529442310333252,0.46655115485191345,-0.09375640749931335,0.7509010434150696,0.394487202167511,-0.10262617468833923,0.7526561617851257,0.3289487361907959,-0.10516269505023956
0.7557656764984131,0.7334588170051575,-8.877456281197738e-08,0.7559311389923096,0.6563219428062439,0.08714326471090317,0.7583732008934021,0.5617219805717468,0.12261322885751724,0.7620154023170471,0.4946320652961731,0.13753676414489746,0.7624651789665222,0.4359894096851349,0.1492588073015213,0.7475628852844238,0.5162054896354675,0.08825196325778961,0.7531929612159729,0.400221586227417,0.09323497116565704,0.7554861307144165,0.31527581810951233,0.09778030216693878,0.7565128803253174,0.25509971380233765,0.09835008531808853,0.7546564340591431,0.5146228075027466,0.030867280438542366,0.7552073001861572,0.377506285905838,0.020298874005675316,0.7562069296836853,0.2884988784790039,0.013470721431076527,0.754798948764801,0.22643518447875977,0.011386227793991566,0.7669916152954102,0.5230368971824646,-0.02268463745713234,0.7604142427444458,0.38148897886276245,-0.035852327942848206,0.7577075958251953,0.2978758215904236,-0.03641567379236221,0.7575734257698059,0.2363813817501068,-0.034458789974451065,0.7883560061454773,0.540865421295166,-0.0697450041770935,0.77680504322052,0.43435078859329224,-0.08523033559322357,0.7716138958930969,0.3690086007118225,-0.08869892358779907,0.7717946171760559,0.31362637877464294,-0.089120052754879
0.6990091800689697,0.7097437381744385,1.279807282372758e-08,0.6967281103134155,0.6318461298942566,0.009546445682644844,0.7045691609382629,0.5397701263427734,0.012890584766864777,0.7152807116508484,0.47176694869995117,0.01086239144206047,0.7245280146598816,0.41851288080215454,0.008651496842503548,0.7002283930778503,0.5238707661628723,0.009046055376529694,0.7144800424575806,0.4176093339920044,-0.010069978423416615,0.7225368618965149,0.3343104422092438,-0.023757588118314743,0.7268142700195312,0.26882052421569824,-0.03317379206418991,0.7079575061798096,0.52010577917099,-0.007974887266755104,0.7178919315338135,0.40344715118408203,-0.02812318317592144,0.7241490483283997,0.31790995597839355,-0.04399272799491882,0.7293615341186523,0.2455877959728241,-0.053847536444664,0.7217276096343994,0.5229124426841736,-0.025549137964844704,0.7308648824691772,0.404443621635437,-0.04199540242552757,0.7325542569160461,0.329914927482605,-0.05087825283408165,0.7355659008026123,0.26468032598495483,-0.05517235025763512,0.7422538995742798,0.5378968715667725,-0.043065834790468216,0.7414790987968445,0.4452553689479828,-0.05713542178273201,0.7391692399978638,0.38487958908081055,-0.062027230858802795,0.7407349944114685,0.33257585763931274,-0.06357728689908981
0.6525817513465881,0.44779500365257263,2.5865677599767878e-08,0.6472148895263672,0.41257959604263306,-0.0066613019444048405,0.6431992053985596,0.3644273281097412,-0.011589675210416317,0.6427372694015503,0.3260737955570221,-0.01583225280046463,0.6434839963912964,0.2936629354953766,-0.02050367183983326,0.6413080096244812,0.35224977135658264,-0.017543211579322815,0.6399057507514954,0.3087455630302429,-0.030488954856991768,0.6380278468132019,0.2784727215766907,-0.03913772851228714,0.6352918148040771,0.25504210591316223,-0.045085154473781586,0.64578777551651,0.35896211862564087,-0.0205832589417696,0.6433489322662354,0.3150548040866852,-0.03265299275517464,0.6404280662536621,0.28393447399139404,-0.03962654620409012,0.6377657651901245,0.25807857513427734,-0.04462466016411781,0.6513474583625793,0.3729625642299652,-0.024099428206682205,0.6494684815406799,0.3317916989326477,-0.03519991412758827,0.6460728049278259,0.305732786655426,-0.03974233940243721,0.6434034705162048,0.2814750671386719,-0.042913079261779785,0.6578126549720764,0.3928261399269104,-0.027932031080126762,0.6565524339675903,0.373070627450943,-0.0387311615049839,0.655023992061615,0.35596391558647156,-0.042791225016117096,0.6536340713500977,0.33919093012809753,-0.04508413374423981
0.6471105813980103,0.7009783983230591,6.501597482611032e-08,0.6407846212387085,0.6445267796516418,0.023879265412688255,0.6422862410545349,0.5536174774169922,0.032455503940582275,0.6491397023200989,0.492533802986145,0.03253208100795746,0.6535155773162842,0.44322532415390015,0.029633143916726112,0.6399291753768921,0.5381767749786377,0.013514088466763496,0.6497660279273987,0.4435134530067444,-0.004950074944645166,0.6552392840385437,0.37053555250167847,-0.018977951258420944,0.659496545791626,0.3110879063606262,-0.029939869418740273,0.6477875113487244,0.5355116128921509,-0.013550924137234688,0.6504583954811096,0.428892582654953,-0.035447411239147186,0.6534949541091919,0.34870755672454834,-0.05348074808716774,0.6544627547264099,0.2845814824104309,-0.06532250344753265,0.6612686514854431,0.544588029384613,-0.03978286683559418,0.6615499258041382,0.42851734161376953,-0.0617109052836895,0.6616830825805664,0.35635825991630554,-0.07339589297771454,0.6634706258773804,0.292786180973053,-0.07951609790325165,0.6805505156517029,0.5645400881767273,-0.06398119032382965,0.6739957332611084,0.47316843271255493,-0.08705321699380875,0.6683313846588135,0.4106430411338806,-0.0962316244840622,0.6656326055526733,0.35384154319763184,-0.10061914473772049
0.6612058281898499,0.4650006890296936,9.163739989048736e-09,0.6571691036224365,0.42361021041870117,-0.0016825401689857244,0.6574108600616455,0.3715130090713501,-0.004147015977650881,0.6590231657028198,0.331765741109848,-0.007444759830832481,0.6571612358093262,0.3008177578449249,-0.011435055173933506,0.655853807926178,0.3603534698486328,-0.009518182836472988,0.6549395322799683,0.31610769033432007,-0.021895674988627434,0.6516433954238892,0.28337058424949646,-0.030931716784834862,0.6476439833641052,0.2578583061695099,-0.03742309659719467,0.657249391078949,0.36667701601982117,-0.01584094762802124,0.6552978754043579,0.31913459300994873,-0.027946988120675087,0.6520161032676697,0.28444916009902954,-0.03611164912581444,0.6488163471221924,0.2556593120098114,-0.04198097065091133,0.6606230735778809,0.38090595602989197,-0.022617604583501816,0.6604065299034119,0.33511820435523987,-0.034348081797361374,0.6570460200309753,0.306072860956192,-0.04068852588534355,0.6544711589813232,0.2797791361808777,-0.045061055570840836,0.6655412316322327,0.401858925819397,-0.029404334723949432,0.6673252582550049,0.3789154887199402,-0.04118163511157036,0.6669430732727051,0.36004072427749634,-0.046589724719524384,0.6675581932067871,0.34190988540649414,-0.049925848841667175
0.6726141571998596,0.4568553566932678,-2.3809409555042294e-08,0.670826256275177,0.4190317988395691,-0.00018327556608710438,0.6700824499130249,0.36628156900405884,-0.0033884085714817047,0.6720796823501587,0.32179170846939087,-0.007314929272979498,0.671470582485199,0.2852097451686859,-0.012128214351832867,0.6645000576972961,0.3670976459980011,-0.014044594950973988,0.6614893674850464,0.3186466097831726,-0.026720808818936348,0.6573178172111511,0.2837042808532715,-0.03458402678370476,0.6527578830718994,0.2577405273914337,-0.040570687502622604,0.6666588187217712,0.371948778629303,-0.021067025139927864,0.6631685495376587,0.3218575119972229,-0.03367283567786217,0.6600323915481567,0.2876267433166504,-0.04036184772849083,0.6576278209686279,0.2596737742424011,-0.045683152973651886,0.6705328226089478,0.38496777415275574,-0.028083574026823044,0.6689072847366333,0.3357144892215729,-0.04011010006070137,0.6647055149078369,0.30616575479507446,-0.04534928873181343,0.6615025997161865,0.27835994958877563,-0.049621909856796265,0.6762768030166626,0.40418541431427,-0.034750089049339294,0.6740539073944092,0.3851580023765564,-0.047444671392440796,0.6716222167015076,0.3656008541584015,-0.05362803861498833,0.6703841686248779,0.3443028926849365,-0.05797428637742996
0.6638197898864746,0.6386750936508179,1.0660879468105122e-07,0.650198221206665,0.5747162103652954,0.028423745185136795,0.650534987449646,0.4927152991294861,0.03195037320256233,0.6594731211662292,0.43324029445648193,0.027477504685521126,0.6625708937644958,0.38200291991233826,0.018509559333324432,0.6468815803527832,0.4833389222621918,-0.011814739555120468,0.6529192924499512,0.394302636384964,-0.03800557926297188,0.6574144959449768,0.3294139504432678,-0.05559202656149864,0.6617065072059631,0.2777212858200073,-0.0684858188033104,0.6541253328323364,0.4925994873046875,-0.04304661601781845,0.6599937081336975,0.3964498043060303,-0.07518946379423141,0.6642464399337769,0.3229562044143677,-0.09724555164575577,0.6673120260238647,0.2656480073928833,-0.11216744780540466,0.6688106656074524,0.5132400393486023,-0.07110857963562012,0.673772394657135,0.4100061058998108,-0.1055724024772644,0.6787708401679993,0.3357102870941162,-0.12673303484916687,0.6840260624885559,0.27264565229415894,-0.13895758986473083,0.6903969049453735,0.5392510294914246,-0.09460251778364182,0.6888251304626465,0.4613912105560303,-0.12726649641990662,0.6863610148429871,0.402119517326355,-0.14300788938999176,0.6861233115196228,0.34778478741645813,-0.1526964008808136
0.6922697424888611,0.4637081027030945,-6.244209771466558e-08,0.6973376274108887,0.4178522825241089,-0.0020630378276109695,0.6912535429000854,0.3587518036365509,-0.005565019324421883,0.6856436729431152,0.3107171058654785,-0.00985430832952261,0.6800162196159363,0.27332228422164917,-0.015471499413251877,0.6926324963569641,0.35508596897125244,-0.014049294404685497,0.6766622066497803,0.3054135739803314,-0.029188964515924454,0.6675130128860474,0.26906025409698486,-0.04020821303129196,0.6614311337471008,0.2398233860731125,-0.04861283302307129,0.6899915337562561,0.3650471568107605,-0.02117939665913582,0.6721952557563782,0.3130481541156769,-0.03600163385272026,0.6627891659736633,0.27507615089416504,-0.04583233222365379,0.6571154594421387,0.24208833277225494,-0.0538654588162899,0.6865635514259338,0.3814725875854492,-0.028651148080825806,0.6710351705551147,0.3321741223335266,-0.04311678558588028,0.6611967086791992,0.29782581329345703,-0.05092022940516472,0.6554460525512695,0.26652979850769043,-0.056929558515548706,0.6832360625267029,0.4037195146083832,-0.036026548594236374,0.6715677380561829,0.38058194518089294,-0.05103517323732376,0.6674639582633972,0.3581998646259308,-0.05908757820725441,0.6663259863853455,0.33510833978652954,-0.06482278555631638
