0.5979598760604858,0.6219679117202759,9.648133669770687e-08,0.6671968102455139,0.5141354203224182,-0.05997234582901001,0.7046444416046143,0.39346668124198914,-0.15892569720745087,0.6924662590026855,0.27200740575790405,-0.2354854792356491,0.6720621585845947,0.14478442072868347,-0.31025275588035583,0.6633945107460022,0.42439404129981995,-0.3479340374469757,0.7921503186225891,0.48760271072387695,-0.37484458088874817,0.7678051590919495,0.5114226937294006,-0.3187175989151001,0.7239294648170471,0.5056976675987244,-0.2853516638278961,0.6382271647453308,0.5312225222587585,-0.3520704507827759,0.7868544459342957,0.5735184550285339,-0.37225353717803955,0.7443603277206421,0.5997717976570129,-0.27831804752349854,0.6857628226280212,0.5965515971183777,-0.22946308553218842,0.6206260323524475,0.6243813633918762,-0.34539636969566345,0.7492650151252747,0.6722112894058228,-0.3497700095176697,0.7092552185058594,0.6886173486709595,-0.2688313126564026,0.6585268378257751,0.67373126745224,-0.24043285846710205,0.6194354891777039,0.6969115138053894,-0.34182924032211304,0.6947959661483765,0.7390322685241699,-0.3701927363872528,0.6734806895256042,0.744796872138977,-0.35619235038757324,0.6386556625366211,0.7265830039978027,-0.3619038760662079
0.5943285822868347,0.6322537660598755,6.502030913679846e-08,0.6733669638633728,0.5145208835601807,-0.04376409202814102,0.715872049331665,0.385395884513855,-0.13963404297828674,0.6992771029472351,0.2573884129524231,-0.216033935546875,0.673425018787384,0.1246907114982605,-0.29127979278564453,0.6693151593208313,0.4140084385871887,-0.3398204445838928,0.7997403144836426,0.47181236743927,-0.35292911529541016,0.7731415629386902,0.5063560605049133,-0.2844439446926117,0.7313562631607056,0.5055126547813416,-0.24494712054729462,0.6455541253089905,0.5221089124679565,-0.3499051630496979,0.7967498898506165,0.5577363967895508,-0.3546891510486603,0.7511544823646545,0.5942124724388123,-0.2485382854938507,0.6951192617416382,0.5914728045463562,-0.19427594542503357,0.6283154487609863,0.6142063140869141,-0.3471098244190216,0.7676962018013,0.6561717391014099,-0.3350188136100769,0.7226685285568237,0.6836714744567871,-0.24450194835662842,0.6685985922813416,0.6720258593559265,-0.21412362158298492,0.6286237239837646,0.684417724609375,-0.34667667746543884,0.7151378393173218,0.7291961312294006,-0.36819028854370117,0.6967399716377258,0.7379848957061768,-0.35369133949279785,0.6621427536010742,0.7183625102043152,-0.360917866230011
0.6003091335296631,0.6243898868560791,1.3900461226512562e-07,0.6671805381774902,0.5061047673225403,-0.07438718527555466,0.7116870880126953,0.379803866147995,-0.18144561350345612,0.702282190322876,0.2541375756263733,-0.26100215315818787,0.6768884658813477,0.12267035245895386,-0.3388879895210266,0.6695917844772339,0.4265124797821045,-0.3808019459247589,0.8047350645065308,0.5012101531028748,-0.39898210763931274,0.7796614766120911,0.51930171251297,-0.3333592414855957,0.7326046824455261,0.505654513835907,-0.2949301600456238,0.6383492350578308,0.5441292524337769,-0.37445661425590515,0.7976224422454834,0.5931254625320435,-0.3872204124927521,0.7507928013801575,0.6106107831001282,-0.28636595606803894,0.6872068047523499,0.6051753163337708,-0.2352084070444107,0.6211479902267456,0.6468690037727356,-0.35459181666374207,0.7586153745651245,0.6966445446014404,-0.34404268860816956,0.7157227396965027,0.7045629024505615,-0.25244665145874023,0.6598243713378906,0.6892116665840149,-0.2215348482131958,0.6199554204940796,0.7302149534225464,-0.33946359157562256,0.704124927520752,0.7692453861236572,-0.35664042830467224,0.6788188815116882,0.7677571773529053,-0.33460092544555664,0.6385304927825928,0.7506527304649353,-0.33707475662231445
0.6032850742340088,0.650189995765686,-4.3044185993323936e-09,0.6796995997428894,0.5319491624832153,-0.03836909309029579,0.7230335474014282,0.40214765071868896,-0.13207334280014038,0.7142418622970581,0.2755616009235382,-0.20876827836036682,0.6946101188659668,0.1406884491443634,-0.28399720788002014,0.6784908771514893,0.42230674624443054,-0.3290373384952545,0.8129029273986816,0.4810671806335449,-0.3499446511268616,0.7913864850997925,0.5291193127632141,-0.28733330965042114,0.7494411468505859,0.5341439247131348,-0.2499314546585083,0.6543065309524536,0.5260829925537109,-0.34554460644721985,0.8108497858047485,0.5612879991531372,-0.3544008731842041,0.7717946767807007,0.6113234162330627,-0.25089114904403687,0.7163746953010559,0.6147525310516357,-0.19697318971157074,0.6381399035453796,0.6175527572631836,-0.3504909873008728,0.7831569910049438,0.6557851433753967,-0.3452553451061249,0.7465032339096069,0.695120096206665,-0.25470176339149475,0.696114182472229,0.687460720539093,-0.22163522243499756,0.6403716802597046,0.6897349953651428,-0.35740113258361816,0.7330877184867859,0.7285984754562378,-0.3823238015174866,0.7207199335098267,0.7425858974456787,-0.36504891514778137,0.6898548007011414,0.7236862182617188,-0.36831992864608765
0.6000458598136902,0.6344231367111206,1.8461153672433284e-07,0.6578809022903442,0.5329344272613525,-0.04721473157405853,0.7161871194839478,0.4290817379951477,-0.1433810144662857,0.7272073030471802,0.30786269903182983,-0.22085672616958618,0.7224323153495789,0.18470031023025513,-0.2929762303829193,0.6675371527671814,0.420780211687088,-0.3350861370563507,0.8190133571624756,0.5412190556526184,-0.3616245985031128,0.7936391830444336,0.5403651595115662,-0.2940816581249237,0.7349619269371033,0.5148080587387085,-0.2438683807849884,0.6223798394203186,0.5429993271827698,-0.3437291979789734,0.8145573735237122,0.644777238368988,-0.38267987966537476,0.7724499106407166,0.6294177174568176,-0.291644424200058,0.7098153829574585,0.6059778332710266,-0.22957436740398407,0.6017858386039734,0.6586940288543701,-0.3379983901977539,0.7778738737106323,0.7411696910858154,-0.3472157120704651,0.7346161603927612,0.7248743772506714,-0.25130707025527954,0.6739431023597717,0.6950986385345459,-0.19912739098072052,0.6008713841438293,0.7634154558181763,-0.33431196212768555,0.7164252996444702,0.8156248331069946,-0.34369176626205444,0.6924227476119995,0.8037779927253723,-0.3002394437789917,0.6433286070823669,0.7856230139732361,-0.27825894951820374
0.5952647924423218,0.6278689503669739,2.8006806473968027e-07,0.6584998369216919,0.520219624042511,-0.052286192774772644,0.7162296772003174,0.41124972701072693,-0.1461096554994583,0.7193828225135803,0.27544984221458435,-0.21783818304538727,0.7141047716140747,0.15044882893562317,-0.2849268317222595,0.689821720123291,0.42419081926345825,-0.3380618095397949,0.816779375076294,0.5337226390838623,-0.345556378364563,0.7934229373931885,0.5337198972702026,-0.26342254877090454,0.7447415590286255,0.5172512531280518,-0.20761017501354218,0.646776556968689,0.5440117716789246,-0.33960941433906555,0.8137925863265991,0.6369824409484863,-0.36311793327331543,0.7775846123695374,0.6212697625160217,-0.2613837718963623,0.7215442657470703,0.5983567833900452,-0.19417880475521088,0.6241681575775146,0.6526093482971191,-0.32659444212913513,0.7775010466575623,0.7332876324653625,-0.3278226852416992,0.7375038862228394,0.7179028987884521,-0.23508621752262115,0.6845691204071045,0.6906211376190186,-0.18728968501091003,0.6210495829582214,0.7506390810012817,-0.3153316378593445,0.7173534631729126,0.7967681884765625,-0.32747185230255127,0.6960847973823547,0.7867856025695801,-0.2944204807281494,0.654667854309082,0.7725452184677124,-0.2801670730113983
0.5832169055938721,0.6466072797775269,-4.515634088875231e-08,0.6472741365432739,0.5274757146835327,-0.062148261815309525,0.718726634979248,0.39589637517929077,-0.1567038893699646,0.728822648525238,0.2684982419013977,-0.22831259667873383,0.7129294872283936,0.138066828250885,-0.29555198550224304,0.68605637550354,0.43499162793159485,-0.3392736613750458,0.8477526307106018,0.5240128040313721,-0.36112767457962036,0.8211827278137207,0.5377968549728394,-0.30202847719192505,0.763439416885376,0.5178762674331665,-0.26246026158332825,0.650371789932251,0.5544930696487427,-0.3385827839374542,0.8322453498840332,0.6408654451370239,-0.35465651750564575,0.7876861095428467,0.6323667168617249,-0.26307356357574463,0.7140239477157593,0.6057028770446777,-0.21239109337329865,0.6318352222442627,0.6630851030349731,-0.3263324201107025,0.7869681715965271,0.7343425750732422,-0.3164782226085663,0.7459414601325989,0.7224728465080261,-0.23402895033359528,0.6841200590133667,0.6931928992271423,-0.20432241261005402,0.630939245223999,0.759398341178894,-0.3183511197566986,0.7223721742630005,0.8084295988082886,-0.33004388213157654,0.6994774341583252,0.7959229946136475,-0.30682116746902466,0.6574822068214417,0.7717635631561279,-0.30515140295028687
0.5737619996070862,0.6651133298873901,1.3851479252480203e-07,0.6481791734695435,0.5407168865203857,-0.04207412526011467,0.7239794731140137,0.4094982147216797,-0.137883260846138,0.7291029691696167,0.26577407121658325,-0.213764488697052,0.7120497226715088,0.12986668944358826,-0.28693318367004395,0.7085485458374023,0.4341987669467926,-0.34569743275642395,0.8524876236915588,0.541181206703186,-0.35041800141334534,0.8201366662979126,0.5481449365615845,-0.2688349485397339,0.7661119103431702,0.5290032029151917,-0.21584729850292206,0.6681787371635437,0.5603162050247192,-0.35455235838890076,0.8440201282501221,0.6460092663764954,-0.36599570512771606,0.7980433702468872,0.6347404718399048,-0.26245734095573425,0.7354055643081665,0.6127761602401733,-0.20214490592479706,0.6474410891532898,0.6730819940567017,-0.3468311131000519,0.8072835206985474,0.7442920207977295,-0.3330349326133728,0.7561097145080566,0.733107328414917,-0.23930707573890686,0.692521870136261,0.7044773101806641,-0.20123906433582306,0.6452344655990601,0.7734797596931458,-0.3405226767063141,0.7478833794593811,0.8106794357299805,-0.34275248646736145,0.7185724377632141,0.800399124622345,-0.30815866589546204,0.6715853214263916,0.7831575870513916,-0.2992968261241913
0.5748212337493896,0.6639723777770996,-2.265494885023145e-07,0.650996208190918,0.5388273000717163,-0.0493195503950119,0.7317452430725098,0.40575554966926575,-0.1384984701871872,0.7494697570800781,0.2800217270851135,-0.2046191394329071,0.7296878099441528,0.14687451720237732,-0.2692165970802307,0.6943394541740417,0.43042418360710144,-0.34126099944114685,0.853358805179596,0.5321784019470215,-0.3526245057582855,0.8259579539299011,0.5466606020927429,-0.2846006751060486,0.7778273820877075,0.5205816030502319,-0.2419704645872116,0.6607414484024048,0.5508953332901001,-0.3437812328338623,0.84293133020401,0.6286181807518005,-0.343056321144104,0.7905786633491516,0.6349536180496216,-0.24275396764278412,0.7268818616867065,0.6192973256111145,-0.19228015840053558,0.6473837494850159,0.6564717888832092,-0.33165666460990906,0.8032079935073853,0.7193607091903687,-0.3077697455883026,0.7548313736915588,0.7209141254425049,-0.21811625361442566,0.6972322463989258,0.7004088163375854,-0.18979425728321075,0.6526162028312683,0.7485268115997314,-0.3223886489868164,0.7482597827911377,0.7913453578948975,-0.3191157877445221,0.713416576385498,0.7861097455024719,-0.28761643171310425,0.6678706407546997,0.7650017738342285,-0.28517836332321167
0.6477170586585999,0.6237165927886963,-7.832232995497179e-07,0.6810609698295593,0.4536250829696655,0.12964004278182983,0.7372585535049438,0.3693639039993286,0.18713276088237762,0.7710793614387512,0.2955770492553711,0.22072546184062958,0.774311900138855,0.21627649664878845,0.24389682710170746,0.8664796948432922,0.44507625699043274,0.1905655711889267,0.8513904809951782,0.4762997329235077,0.27926763892173767,0.8019160032272339,0.49491816759109497,0.2999679446220398,0.7842212915420532,0.48790431022644043,0.3013242185115814,0.8808945417404175,0.5310112833976746,0.15424394607543945,0.8577501177787781,0.5421183705329895,0.25873255729675293,0.8059365749359131,0.5536879897117615,0.25340068340301514,0.7756528854370117,0.5476465225219727,0.23067092895507812,0.8734999299049377,0.6091519594192505,0.13256853818893433,0.8505380153656006,0.6066272854804993,0.24384909868240356,0.8052358627319336,0.6125556230545044,0.23281022906303406,0.7824351191520691,0.6118873357772827,0.1967267543077469,0.866223931312561,0.6750576496124268,0.12129432708024979,0.8449904322624207,0.6814685463905334,0.2154160439968109,0.7998941540718079,0.6749875545501709,0.23540113866329193,0.7727929353713989,0.6709970831871033,0.23137380182743073
0.6351661682128906,0.6452610492706299,-7.419106964334787e-07,0.674923300743103,0.4612710475921631,0.13751117885112762,0.731107234954834,0.3699684143066406,0.1981126368045807,0.7616512775421143,0.29511523246765137,0.23452229797840118,0.7683988213539124,0.21201369166374207,0.25940224528312683,0.8607935905456543,0.4382784068584442,0.1775476634502411,0.861582338809967,0.4765487015247345,0.27782583236694336,0.8090394735336304,0.4955390989780426,0.3117016553878784,0.7878159284591675,0.4894134998321533,0.3201874792575836,0.873450756072998,0.5229339003562927,0.13794222474098206,0.8574434518814087,0.5459781885147095,0.2523335814476013,0.8044292330741882,0.5570358633995056,0.2539641559123993,0.7697813510894775,0.551071286201477,0.23244662582874298,0.8640343546867371,0.6052836775779724,0.1155594140291214,0.8459874987602234,0.6056233644485474,0.2362576723098755,0.7962377071380615,0.6165322661399841,0.22334963083267212,0.7700721621513367,0.6157376766204834,0.18118904531002045,0.8611632585525513,0.6705886125564575,0.10461972653865814,0.8372008800506592,0.679774284362793,0.19774140417575836,0.7918974757194519,0.6763430237770081,0.211356520652771,0.763508677482605,0.6713371872901917,0.20063287019729614
0.6439248323440552,0.6510918736457825,-7.928134095891437e-07,0.6841061115264893,0.4652862548828125,0.12649470567703247,0.742323100566864,0.3748837113380432,0.18101143836975098,0.7738892436027527,0.2994607090950012,0.21522055566310883,0.775719404220581,0.21611884236335754,0.2396015226840973,0.8743523955345154,0.4490017294883728,0.1542433351278305,0.8724011182785034,0.48571234941482544,0.2518233358860016,0.8180572986602783,0.5078869462013245,0.2867911756038666,0.7955697178840637,0.5008394718170166,0.2961575388908386,0.8866912126541138,0.5392002463340759,0.12046347558498383,0.8721412420272827,0.5563911199569702,0.23376621305942535,0.8202851414680481,0.5667856335639954,0.23973721265792847,0.7844424247741699,0.5627660155296326,0.22015827894210815,0.8751945495605469,0.6242067217826843,0.10429927706718445,0.8562256097793579,0.6201384663581848,0.22536391019821167,0.8103915452957153,0.6272146105766296,0.2193177491426468,0.7836059927940369,0.6248073577880859,0.1807381510734558,0.8693908452987671,0.6933254599571228,0.09866585582494736,0.8472428321838379,0.6996327638626099,0.1943993866443634,0.8029608726501465,0.6933967471122742,0.2129782736301422,0.7748339772224426,0.6857763528823853,0.20507006347179413
0.6487991809844971,0.6295766830444336,-1.04973298675759e-06,0.680290162563324,0.45825475454330444,0.11062664538621902,0.7385762929916382,0.36512282490730286,0.16209855675697327,0.7738623023033142,0.2902223467826843,0.19726258516311646,0.7753868103027344,0.2111702859401703,0.22685804963111877,0.8814913630485535,0.443628191947937,0.1443096548318863,0.8741413354873657,0.49360403418540955,0.236272931098938,0.8202481269836426,0.5173366069793701,0.2709638476371765,0.7945467233657837,0.5118980407714844,0.2803647518157959,0.893994927406311,0.5334292650222778,0.11685693264007568,0.8781564235687256,0.5682381391525269,0.2292393147945404,0.8235936760902405,0.5794646143913269,0.24433736503124237,0.7896128296852112,0.5755918025970459,0.22972343862056732,0.8826326131820679,0.6184375286102295,0.10397620499134064,0.8648276925086975,0.6346220970153809,0.21864531934261322,0.8193260431289673,0.6409462690353394,0.22379983961582184,0.7935615181922913,0.6357936859130859,0.19342771172523499,0.8700335025787354,0.6930675506591797,0.10001504421234131,0.8525000214576721,0.7053571939468384,0.19146595895290375,0.8094584941864014,0.7020055651664734,0.21555820107460022,0.7849413156509399,0.6902593374252319,0.21213291585445404
0.6361584663391113,0.6329741477966309,-6.470574476225011e-07,0.6741374731063843,0.4583304524421692,0.09408462047576904,0.7397576570510864,0.360102117061615,0.1397239714860916,0.7826524972915649,0.2758089601993561,0.17136317491531372,0.781514048576355,0.1881072223186493,0.19758287072181702,0.8815076947212219,0.4299390912055969,0.13143159449100494,0.8947638869285583,0.4906139671802521,0.22469021379947662,0.8462035059928894,0.5092450380325317,0.2684316337108612,0.8184950947761536,0.5037406086921692,0.285747230052948,0.8969172835350037,0.5263987183570862,0.10947111248970032,0.8886876702308655,0.5667738914489746,0.22250980138778687,0.8429144620895386,0.5764977931976318,0.2462950050830841,0.8064308762550354,0.5776146650314331,0.24051164090633392,0.8839622735977173,0.6142704486846924,0.09933633357286453,0.8746828436851501,0.6334295868873596,0.20929253101348877,0.8344410061836243,0.6393516659736633,0.2153504341840744,0.8030915856361389,0.6389555931091309,0.1891467422246933,0.8672544956207275,0.6929970979690552,0.09616430103778839,0.8556174039840698,0.6995148062705994,0.17883571982383728,0.8149685859680176,0.6933022737503052,0.197471484541893,0.7835219502449036,0.6867358684539795,0.193027064204216
0.6395636796951294,0.6362351179122925,-9.182889471048838e-07,0.6807563304901123,0.45998841524124146,0.12371385097503662,0.7484347224235535,0.365871399641037,0.1797482669353485,0.7880190014839172,0.2903820276260376,0.21706658601760864,0.7849195003509521,0.20378604531288147,0.24680247902870178,0.8855409622192383,0.4401552379131317,0.1472061574459076,0.8968180418014526,0.5036945343017578,0.24365927278995514,0.8431572914123535,0.5211566090583801,0.284040242433548,0.8182070255279541,0.5126449465751648,0.2971939742565155,0.8962163329124451,0.5339338779449463,0.11301650106906891,0.8908564448356628,0.5753906965255737,0.2295113354921341,0.8366662263870239,0.5828405618667603,0.24914972484111786,0.7996922731399536,0.5798019170761108,0.23811611533164978,0.8818074464797974,0.6237410306930542,0.09472031146287918,0.8721620440483093,0.6400375366210938,0.2139720767736435,0.8241140246391296,0.6423676013946533,0.21909604966640472,0.7962218523025513,0.6369887590408325,0.18792517483234406,0.8698339462280273,0.7015340924263,0.08637340366840363,0.8559315204620361,0.7152385711669922,0.17851634323596954,0.809687077999115,0.705119252204895,0.20005987584590912,0.7819427847862244,0.6932525038719177,0.19450396299362183
0.6334291100502014,0.7252169847488403,-2.195038035779362e-07,0.6502675414085388,0.5988583564758301,-0.05998929589986801,0.6033516526222229,0.4530143141746521,-0.08662489056587219,0.5669585466384888,0.35450631380081177,-0.10595498979091644,0.5560073852539062,0.2665444016456604,-0.11776522547006607,0.4585883319377899,0.4840712547302246,-0.06862557679414749,0.4502445459365845,0.4903210699558258,-0.13747964799404144,0.5224921107292175,0.532809853553772,-0.17285147309303284,0.5713958740234375,0.5539636611938477,-0.18765631318092346,0.42995497584342957,0.5725386142730713,-0.06305065006017685,0.41992372274398804,0.5797402858734131,-0.13802506029605865,0.5049055814743042,0.6032884120941162,-0.15787570178508759,0.5552502870559692,0.6057784557342529,-0.15900948643684387,0.4252333641052246,0.6563052535057068,-0.06653068214654922,0.4144963324069977,0.6705039739608765,-0.13867419958114624,0.49572858214378357,0.6767739653587341,-0.13714469969272614,0.5447973608970642,0.6685896515846252,-0.12090020626783371,0.4361402690410614,0.7282892465591431,-0.0750885158777237,0.4343549311161041,0.739094614982605,-0.12571576237678528,0.49173957109451294,0.736855149269104,-0.12867796421051025,0.5291271805763245,0.7190255522727966,-0.11992436647415161
0.6190348863601685,0.7334796786308289,2.1931288074483746e-07,0.6558747887611389,0.6157742738723755,-0.0610690601170063,0.6221075057983398,0.48413389921188354,-0.09575497359037399,0.5983083248138428,0.38026612997055054,-0.1221824511885643,0.5869572758674622,0.2832754850387573,-0.1444581300020218,0.4859025478363037,0.4918772876262665,-0.09454385191202164,0.4857344925403595,0.5095605850219727,-0.17297476530075073,0.5447149276733398,0.5450938940048218,-0.21869054436683655,0.5889322757720947,0.567148745059967,-0.24038830399513245,0.4510582387447357,0.5777356624603271,-0.0912240520119667,0.45523717999458313,0.591238796710968,-0.1707654893398285,0.532933235168457,0.6143738031387329,-0.19700658321380615,0.5874048471450806,0.625835657119751,-0.20390817523002625,0.4439798891544342,0.666915237903595,-0.09544698894023895,0.4557401239871979,0.6787917613983154,-0.17173752188682556,0.5285840034484863,0.6859996914863586,-0.17848029732704163,0.5769547820091248,0.6820665597915649,-0.16889116168022156,0.4563864767551422,0.7461585998535156,-0.10367386043071747,0.4694136381149292,0.7473483085632324,-0.15874914824962616,0.5171560049057007,0.7464789152145386,-0.16526049375534058,0.5522976517677307,0.7354743480682373,-0.15950994193553925
0.6113080978393555,0.7336986064910889,2.672964569683245e-07,0.6455059051513672,0.6126635074615479,-0.07789483666419983,0.6155680418014526,0.4828793406486511,-0.12591905891895294,0.5926721692085266,0.3835088014602661,-0.16240613162517548,0.5862151384353638,0.2843851149082184,-0.19343145191669464,0.482674777507782,0.4945414662361145,-0.12946946918964386,0.48650074005126953,0.5126626491546631,-0.22643469274044037,0.5465784668922424,0.5503957867622375,-0.2806248664855957,0.5886292457580566,0.5729302167892456,-0.3060188591480255,0.4459725022315979,0.5845175385475159,-0.12253011018037796,0.45517653226852417,0.605042576789856,-0.2192937135696411,0.5332101583480835,0.6244757175445557,-0.24883542954921722,0.5830707550048828,0.6307511329650879,-0.25706231594085693,0.4392768144607544,0.6752046346664429,-0.12482287734746933,0.4585990011692047,0.6976208686828613,-0.21535424888134003,0.5314446091651917,0.696823239326477,-0.22286105155944824,0.5763012170791626,0.6838231682777405,-0.21283099055290222,0.4522992670536041,0.7531394362449646,-0.13241906464099884,0.4707280695438385,0.7600982785224915,-0.19673466682434082,0.519437849521637,0.7542454600334167,-0.2060447633266449,0.5516545176506042,0.7360855937004089,-0.20211386680603027
